{"cameraMode":{"drawMode":0,"name":"Shaded","section":"Shading Mode"},"sceneLighting":true,"audioPlay":false,"sceneViewState":{"showFog":true,"showMaterialUpdate":false,"showSkybox":true,"showFlares":true,"showImageEffects":true,"showParticleSystems":true},"in2DMode":false,"pivot":{"x":-0.32021188735961916,"y":2.7295422554016115,"z":-6.8880815505981449},"rotation":{"x":-0.2533056139945984,"y":-0.1610301434993744,"z":0.04280471056699753,"w":-0.9529288411140442},"size":9.769634246826172,"orthographic":false}