{"cameraMode":{"drawMode":0,"name":"Shaded","section":"Shading Mode"},"sceneLighting":false,"audioPlay":false,"sceneViewState":{"showFog":true,"showMaterialUpdate":false,"showSkybox":true,"showFlares":true,"showImageEffects":true,"showParticleSystems":true},"in2DMode":false,"pivot":{"x":25.48095703125,"y":-27.201866149902345,"z":-10.442665100097657},"rotation":{"x":-0.11255588382482529,"y":0.8623743057250977,"z":-0.21956630051136018,"w":-0.4420774579048157},"size":157.49942016601563,"orthographic":false}