{"cameraMode":{"drawMode":0,"name":"Shaded","section":"Shading Mode"},"sceneLighting":true,"audioPlay":false,"sceneViewState":{"showFog":true,"showMaterialUpdate":false,"showSkybox":true,"showFlares":true,"showImageEffects":true,"showParticleSystems":true},"in2DMode":false,"pivot":{"x":36.649749755859378,"y":-114.98530578613281,"z":244.13209533691407},"rotation":{"x":-0.21638327836990357,"y":0.28561410307884219,"z":-0.06636592000722885,"w":-0.9312348961830139},"size":466.3442687988281,"orthographic":false}