{"cameraMode":{"drawMode":0,"name":"Shaded","section":"Shading Mode"},"sceneLighting":false,"audioPlay":false,"sceneViewState":{"showFog":true,"showMaterialUpdate":false,"showSkybox":true,"showFlares":true,"showImageEffects":true,"showParticleSystems":true},"in2DMode":false,"pivot":{"x":386.8999938964844,"y":187.10000610351563,"z":436.1000061035156},"rotation":{"x":-0.2882753312587738,"y":0.10657651722431183,"z":-0.03230486810207367,"w":-0.9510495662689209},"size":2.020829200744629,"orthographic":false}