{"cameraMode":{"drawMode":0,"name":"Shaded","section":"Shading Mode"},"sceneLighting":true,"audioPlay":false,"sceneViewState":{"showFog":true,"showMaterialUpdate":false,"showSkybox":true,"showFlares":true,"showImageEffects":true,"showParticleSystems":true},"in2DMode":false,"pivot":{"x":-17.71843147277832,"y":0.7365926504135132,"z":63.58815383911133},"rotation":{"x":0.04525439068675041,"y":0.041939638555049899,"z":-0.001901691546663642,"w":0.9980929493904114},"size":1.770385980606079,"orthographic":false}