{"cameraMode":{"drawMode":0,"name":"Shaded","section":"Shading Mode"},"sceneLighting":true,"audioPlay":false,"sceneViewState":{"showFog":true,"showMaterialUpdate":false,"showSkybox":true,"showFlares":true,"showImageEffects":true,"showParticleSystems":true},"in2DMode":false,"pivot":{"x":-7.179754257202148,"y":-9.768821716308594,"z":199.98594665527345},"rotation":{"x":0.04525439068675041,"y":0.041939638555049899,"z":-0.001901691546663642,"w":0.9980929493904114},"size":143.49404907226563,"orthographic":false}