{"cameraMode":{"drawMode":0,"name":"Shaded","section":"Shading Mode"},"sceneLighting":true,"audioPlay":false,"sceneViewState":{"showFog":false,"showMaterialUpdate":false,"showSkybox":false,"showFlares":false,"showImageEffects":false,"showParticleSystems":false},"in2DMode":false,"pivot":{"x":-0.2793659567832947,"y":0.7094213962554932,"z":0.467568039894104},"rotation":{"x":0.12510168552398683,"y":-0.7740465998649597,"z":0.16159459948539735,"w":0.5992446541786194},"size":1.1929774284362794,"orthographic":false}